,Angio_TAMs,IFN_TAMs,Inflam_TAMs,LA_TAMs,Prolif_TAMs,RTM_TAMs,Reg_TAMs
M1_score,1.4155948776175489,0.6698346646366864,1.0312232595401778,-1.0080252447265627,-1.4916433963445364,-0.1464093694679444,-0.470574791255369
M2_score,-1.0670584957600395,-0.3816248595898303,-0.6084536814759208,1.7048554394388378,-1.0636189477886,1.0986728329003497,0.3172277122752053
