cell_type,I,II,III,III or IV,IV,non-cancer
Angio_TAMs,0.7321145170763406,0.7525717907464288,0.750044837687571,0.382687338501292,0.6737972661104208,0.6429925506634983
IFN_TAMs,0.9461416084228591,1.244897766800841,1.0827898192678482,0.5981912144702843,0.8719521195936608,0.8692439991026696
Inflam_TAMs,1.0859270397758873,0.7851136512941795,0.9825846872677074,0.5413436692506459,0.7758109909643016,0.7232918136654907
LA_TAMs,1.6670405355672,2.9746989413247253,2.6485745946930597,0.9813967804047042,0.974614913219149,1.02701371512312
Prolif_TAMs,0.6246286241163815,0.9356349976786392,0.9832421340629276,0.5094295962050215,0.33262861169837915,0.7083145891603263
RTM_TAMs,1.5277485240352109,2.0571976416339854,2.6682081250837113,1.402872777017784,2.3568401093079028,1.2602509707586527
Reg_TAMs,1.3142528338034165,1.5494438827098078,1.4019776844480663,0.7076668703497359,1.0128713536765694,1.0365887606564983
