cell_type,I,II,III,III or IV,IV,non-cancer
Angio_TAMs,1.0648396919219059,0.551382094883143,0.5447967247453108,0.432716049382716,0.6623197625106022,0.4261704299017731
IFN_TAMs,0.5213273740048016,0.7047846387124863,0.561396145909838,0.5344092419058952,0.5685388215682503,0.43809693938311295
Inflam_TAMs,0.7518534921103566,0.5743879472693032,0.5524691358024691,0.5035476089115936,0.6287449870252417,0.5058708863662423
LA_TAMs,0.27959195065449777,0.32019167820384853,0.31590271733874864,0.29463196653101237,0.19771558069905545,0.24814669552543783
Prolif_TAMs,0.19221460814706043,0.22091147408751763,0.21704793028322436,0.2600884466556108,0.1492003367003367,0.19590069463913026
RTM_TAMs,0.4786311388153763,0.4994694076839927,0.5849976985169467,0.2957516339869281,0.5813571365130117,0.33415127942644324
Reg_TAMs,0.45846575981015336,0.3642646269457864,0.34453928321852845,0.2671589673135268,0.296082209377007,0.2865567562575043
