Projection_CellType,M1_score,M2_score
Angio_TAMs,0.6839691110724031,0.6879321729056198
IFN_TAMs,0.5596989129940418,0.9555198050433609
Inflam_TAMs,0.6199191171430529,0.8669677058376254
LA_TAMs,0.2801077258336417,1.7700644863325121
Prolif_TAMs,0.19951972656825478,0.689274944034338
RTM_TAMs,0.42368360132567034,1.533415801810648
Reg_TAMs,0.36966610283958184,1.228346078880173
