Projection_CellType,M1_score,M2_score
RTM_TAMs,-0.1464093694679444,1.0986728329003497
Prolif_TAMs,-1.4916433963445364,-1.0636189477886
Angio_TAMs,1.4155948776175489,-1.0670584957600395
Inflam_TAMs,1.0312232595401778,-0.6084536814759208
IFN_TAMs,0.6698346646366864,-0.3816248595898303
LA_TAMs,-1.0080252447265627,1.7048554394388378
Reg_TAMs,-0.470574791255369,0.3172277122752053
